ID;Питомец;Владелец;Выгульщик;Дата прогулки;Длительность (мин);Адрес;Статус;Описание;Цена;Создана
1;Барсик;Иван Петров;Мария Иванова;2026-01-15 10:00;60;Москва, ул. Ленина 1;COMPLETED;Зимняя прогулка;500.00;2026-09-26 23:36
2;Джон;Иван Петров;Мария Иванова;2026-01-20 18:00;90;Москва, ул. Ленина 1;COMPLETED;Прогулка по снегу;800.00;2026-09-26 23:36
3;Мурка;Алексей Смирнов;Елена Козлова;2026-02-10 09:00;45;СПб, Невский пр. 10;COMPLETED;Утренняя прогулка;400.00;2026-09-26 23:36
4;Барон;Алексей Смирнов;Дмитрий Соколов;2026-03-05 14:00;30;СПб, Невский пр. 10;COMPLETED;Короткая прогулка;300.00;2026-09-26 23:36
5;Барсик;Иван Петров;Елена Козлова;2026-03-18 16:00;60;Москва, ул. Ленина 1;COMPLETED;Весенняя прогулка;500.00;2026-09-26 23:36
6;Джон;Иван Петров;—;2026-04-01 12:00;90;Москва, ул. Ленина 1;CANCELLED;Отменена владельцем;800.00;2026-09-26 23:36
7;Джесси;Алексей Смирнов;Дмитрий Соколов;2026-05-20 07:00;120;Казань, ул. Баумана 7;IN_PROGRESS;Долгая прогулка;1000.00;2026-09-26 23:36
8;Мурка;Алексей Смирнов;Елена Козлова;2026-06-12 11:00;45;СПб, Невский пр. 10;IN_PROGRESS;Летняя прогулка;400.00;2026-09-26 23:36
9;Барон;Алексей Смирнов;—;2026-09-15 19:00;30;СПб, Невский пр. 10;CREATED;Вечерняя прогулка;300.00;2026-09-26 23:36
10;Джесси;Алексей Смирнов;—;2026-09-22 08:00;120;Казань, ул. Баумана 7;CREATED;Осенняя прогулка;1000.00;2026-09-26 23:36
11;Барсик;Иван Петров;—;2026-10-05 10:00;60;Москва, ул. Ленина 1;CREATED;Новая заявка;500.00;2026-09-26 23:36
12;Джон;Иван Петров;Мария Иванова;2026-10-18 15:00;90;Москва, ул. Ленина 1;IN_PROGRESS;Прогулка в парке;800.00;2026-09-26 23:36
